,return,ratio_0,ratio_1,ratio_2,ratio_3,ratio_4,bias,benefit_max,benefit_min,num_timesteps,time_elapsed
0,4.920654296875,0.2398871509770568,0.39963304572051966,0.3526537715012382,0.4409825468648998,0.6522498907820009,0.4123627398049441,0.6522498907820009,0.2398871509770568,0,0
