,return,ratio_0,ratio_1,bias,benefit_max,benefit_min,num_timesteps,time_elapsed
0,0.06836764705882352,0.93048128342246,0.548436699128652,0.38204458429380794,0.93048128342246,0.548436699128652,0,0
